Datetime,Igawa
Mean Error,-11.393148552327894
Mean Absolute Error,11.393148552327894
Mean Squared Error,315.84232265717986
Eclidean Distance,1313.2018434757858
Normalized Eclidean Distance,241.01495737591475
Root Mean Square Error,17.77195325948107
Root Mean Squared Log Error,2.2181881604758233
Mean Absolute Scaled Error,6.0725821321230296
R^2,0.05749724382478395
Anomoly Correlation Coefficient,0.23978582907416346
Mean Absolute Percentage Error,99.34280578506628
Mean Absolute Percentage Deviation,0.994647446523822
Symmetric Mean Absolute Percentage Error (1),-0.0
Symmetric Mean Absolute Percentage Error (2),0.0
Index of Agreement (d),0.4093139586793806
Index of Agreement (d1),0.45654364278091053
Index of Agreement Refined (dr),-0.15992584001210075
Relative Index of Agreement,0.7577037041761634
Modified Index of Agreement,0.45654364278091053
Watterson's M,0.0026938090300824592
Mielke-Berry R,6.06909870053407e-05
Nash-Sutcliffe Efficiency,-0.6859416765449518
Modified Nash-Sutcliffe Efficiency,-0.19037109773071026
Relative Nash-Sutcliffe Efficiency,0.30843562463643615
Legate-McCabe Index,-0.19037109773071026
Spectral Angle,1.2020227410552948
Spectral Correlation,1.3286510887230032
Spectral Information Divergence,10072.249044493838
Spectral Gradient Angle,1.275453863024604
H1 - Mean,-0.9934280578506627
H1 - Absolute,0.9934280578506627
H1 - Root,0.9937007273645363
H2 - Mean,-20061.81332848832
H2 - Absolute,20061.81332848832
H2 - Root,47594.52259812349
H3 - Mean,-1.9757115578796705
H3 - Absolute,1.9757115578796705
H3 - Root,1.9773051126175134
H4 - Mean,-101.0546979161788
H4 - Absolute,101.0546979161788
H4 - Root,141.6362238286183
H5 - Mean,-10031.403378273086
H5 - Absolute,10031.403378273086
H5 - Root,23797.472050464366
H6 - Mean,-1.9757115578796705
H6 - Absolute,1.9757115578796705
H6 - Root,1.9773051126175134
H7 - Mean,-1280257.1451541164
H7 - Absolute,1280257.1451541164
H7 - Root,1280608.5416046637
H8 - Mean,-2.297676031635521
H8 - Absolute,2.297676031635521
H8 - Root,2.298306682442728
H10 - Mean,-8.025922225561212
H10 - Absolute,8.025922225561212
H10 - Root,8.413471525197334
